-- phpMyAdmin SQL Dump
-- version 5.2.0
-- https://www.phpmyadmin.net/
--
-- Host: 127.0.0.1
-- Generation Time: Dec 15, 2023 at 07:43 AM
-- Server version: 10.4.24-MariaDB
-- PHP Version: 8.1.6

SET SQL_MODE = "NO_AUTO_VALUE_ON_ZERO";
START TRANSACTION;
SET time_zone = "+00:00";


/*!40101 SET @OLD_CHARACTER_SET_CLIENT=@@CHARACTER_SET_CLIENT */;
/*!40101 SET @OLD_CHARACTER_SET_RESULTS=@@CHARACTER_SET_RESULTS */;
/*!40101 SET @OLD_COLLATION_CONNECTION=@@COLLATION_CONNECTION */;
/*!40101 SET NAMES utf8mb4 */;

--
-- Database: `ecommerce`
--

-- --------------------------------------------------------

--
-- Table structure for table `brands`
--

CREATE TABLE `brands` (
  `id` bigint(20) UNSIGNED NOT NULL,
  `name` varchar(255) COLLATE utf8mb4_unicode_ci NOT NULL,
  `slug` varchar(255) COLLATE utf8mb4_unicode_ci NOT NULL,
  `status` int(11) NOT NULL,
  `created_at` timestamp NULL DEFAULT NULL,
  `updated_at` timestamp NULL DEFAULT NULL
) ENGINE=InnoDB DEFAULT CHARSET=utf8mb4 COLLATE=utf8mb4_unicode_ci;

--
-- Dumping data for table `brands`
--

INSERT INTO `brands` (`id`, `name`, `slug`, `status`, `created_at`, `updated_at`) VALUES
(17, 'Roadster', 'roadster', 1, '2023-11-24 00:02:00', '2023-11-24 00:02:00'),
(18, 'HRX by Hrithik Roshan', 'hrx-by-hrithik-roshan', 1, '2023-11-24 00:02:22', '2023-11-24 00:02:22'),
(19, 'Tommy Hilfiger', 'tommy-hilfiger', 1, '2023-11-24 00:02:40', '2023-11-24 00:02:40'),
(20, 'U.S. Polo Assn.', 'us-polo-assn', 1, '2023-11-24 00:03:01', '2023-11-24 00:03:01'),
(21, 'Jack & Jones', 'jack-jones', 1, '2023-11-24 00:03:16', '2023-11-24 00:03:16'),
(22, 'H&M', 'hm', 1, '2023-11-24 00:16:13', '2023-11-24 00:16:13');

-- --------------------------------------------------------

--
-- Table structure for table `categories`
--

CREATE TABLE `categories` (
  `id` bigint(20) UNSIGNED NOT NULL,
  `name` varchar(255) COLLATE utf8mb4_unicode_ci NOT NULL,
  `slug` varchar(255) COLLATE utf8mb4_unicode_ci NOT NULL,
  `image` varchar(255) COLLATE utf8mb4_unicode_ci DEFAULT NULL,
  `status` int(11) NOT NULL DEFAULT 1,
  `showHome` enum('Yes','No') COLLATE utf8mb4_unicode_ci NOT NULL DEFAULT 'No',
  `created_at` timestamp NULL DEFAULT NULL,
  `updated_at` timestamp NULL DEFAULT NULL
) ENGINE=InnoDB DEFAULT CHARSET=utf8mb4 COLLATE=utf8mb4_unicode_ci;

--
-- Dumping data for table `categories`
--

INSERT INTO `categories` (`id`, `name`, `slug`, `image`, `status`, `showHome`, `created_at`, `updated_at`) VALUES
(82, 'Men', 'men', '82-1700806476.jpg', 1, 'Yes', '2023-11-23 23:55:20', '2023-11-24 00:44:36'),
(83, 'Women', 'women', '83-1700806507.jpg', 1, 'Yes', '2023-11-23 23:55:28', '2023-11-24 00:45:07'),
(84, 'Kids', 'kids', '84-1700806492.jpg', 1, 'Yes', '2023-11-23 23:55:42', '2023-11-24 00:44:52'),
(85, 'Home & Living', 'home-living', '85-1700806543.jpg', 1, 'Yes', '2023-11-23 23:55:52', '2023-11-24 00:45:43'),
(86, 'Beauty', 'beauty', '86-1700806526.jpg', 1, 'Yes', '2023-11-23 23:56:05', '2023-11-24 00:45:26'),
(87, 'Studio', 'studio', '87-1700806561.jpg', 1, 'Yes', '2023-11-23 23:56:14', '2023-11-24 00:46:01'),
(145, 'Ms. Helen Luettgen IV', 'Frida Gislason', NULL, 1, 'No', '2023-11-24 00:34:25', '2023-11-24 00:34:25'),
(146, 'Carleton Dietrich', 'Christine Hodkiewicz', NULL, 0, 'No', '2023-11-24 00:34:25', '2023-11-24 00:34:25'),
(147, 'Naomie Kuphal I', 'Mrs. Kyra Treutel', NULL, 0, 'No', '2023-11-24 00:34:25', '2023-11-24 00:34:25');

-- --------------------------------------------------------

--
-- Table structure for table `countries`
--

CREATE TABLE `countries` (
  `id` bigint(20) UNSIGNED NOT NULL,
  `name` varchar(255) COLLATE utf8mb4_unicode_ci NOT NULL,
  `code` varchar(255) COLLATE utf8mb4_unicode_ci NOT NULL,
  `created_at` timestamp NULL DEFAULT NULL,
  `updated_at` timestamp NULL DEFAULT NULL
) ENGINE=InnoDB DEFAULT CHARSET=utf8mb4 COLLATE=utf8mb4_unicode_ci;

--
-- Dumping data for table `countries`
--

INSERT INTO `countries` (`id`, `name`, `code`, `created_at`, `updated_at`) VALUES
(1, 'United States', 'US', NULL, NULL),
(2, 'Canada', 'CA', NULL, NULL),
(3, 'Afghanistan', 'AF', NULL, NULL),
(4, 'Albania', 'AL', NULL, NULL),
(5, 'Algeria', 'DZ', NULL, NULL),
(6, 'American Samoa', 'AS', NULL, NULL),
(7, 'Andorra', 'AD', NULL, NULL),
(8, 'Angola', 'AO', NULL, NULL),
(9, 'Anguilla', 'AI', NULL, NULL),
(10, 'Antarctica', 'AQ', NULL, NULL),
(11, 'Antigua and/or Barbuda', 'AG', NULL, NULL),
(12, 'Argentina', 'AR', NULL, NULL),
(13, 'Armenia', 'AM', NULL, NULL),
(14, 'Aruba', 'AW', NULL, NULL),
(15, 'Australia', 'AU', NULL, NULL),
(16, 'Austria', 'AT', NULL, NULL),
(17, 'Azerbaijan', 'AZ', NULL, NULL),
(18, 'Bahamas', 'BS', NULL, NULL),
(19, 'Bahrain', 'BH', NULL, NULL),
(20, 'Bangladesh', 'BD', NULL, NULL),
(21, 'Barbados', 'BB', NULL, NULL),
(22, 'Belarus', 'BY', NULL, NULL),
(23, 'Belgium', 'BE', NULL, NULL),
(24, 'Belize', 'BZ', NULL, NULL),
(25, 'Benin', 'BJ', NULL, NULL),
(26, 'Bermuda', 'BM', NULL, NULL),
(27, 'Bhutan', 'BT', NULL, NULL),
(28, 'Bolivia', 'BO', NULL, NULL),
(29, 'Bosnia and Herzegovina', 'BA', NULL, NULL),
(30, 'Botswana', 'BW', NULL, NULL),
(31, 'Bouvet Island', 'BV', NULL, NULL),
(32, 'Brazil', 'BR', NULL, NULL),
(33, 'British lndian Ocean Territory', 'IO', NULL, NULL),
(34, 'Brunei Darussalam', 'BN', NULL, NULL),
(35, 'Bulgaria', 'BG', NULL, NULL),
(36, 'Burkina Faso', 'BF', NULL, NULL),
(37, 'Burundi', 'BI', NULL, NULL),
(38, 'Cambodia', 'KH', NULL, NULL),
(39, 'Cameroon', 'CM', NULL, NULL),
(40, 'Cape Verde', 'CV', NULL, NULL),
(41, 'Cayman Islands', 'KY', NULL, NULL),
(42, 'Central African Republic', 'CF', NULL, NULL),
(43, 'Chad', 'TD', NULL, NULL),
(44, 'Chile', 'CL', NULL, NULL),
(45, 'China', 'CN', NULL, NULL),
(46, 'Christmas Island', 'CX', NULL, NULL),
(47, 'Cocos (Keeling) Islands', 'CC', NULL, NULL),
(48, 'Colombia', 'CO', NULL, NULL),
(49, 'Comoros', 'KM', NULL, NULL),
(50, 'Congo', 'CG', NULL, NULL),
(51, 'Cook Islands', 'CK', NULL, NULL),
(52, 'Costa Rica', 'CR', NULL, NULL),
(53, 'Croatia (Hrvatska)', 'HR', NULL, NULL),
(54, 'Cuba', 'CU', NULL, NULL),
(55, 'Cyprus', 'CY', NULL, NULL),
(56, 'Czech Republic', 'CZ', NULL, NULL),
(57, 'Democratic Republic of Congo', 'CD', NULL, NULL),
(58, 'Denmark', 'DK', NULL, NULL),
(59, 'Djibouti', 'DJ', NULL, NULL),
(60, 'Dominica', 'DM', NULL, NULL),
(61, 'Dominican Republic', 'DO', NULL, NULL),
(62, 'East Timor', 'TP', NULL, NULL),
(63, 'Ecudaor', 'EC', NULL, NULL),
(64, 'Egypt', 'EG', NULL, NULL),
(65, 'El Salvador', 'SV', NULL, NULL),
(66, 'Equatorial Guinea', 'GQ', NULL, NULL),
(67, 'Eritrea', 'ER', NULL, NULL),
(68, 'Estonia', 'EE', NULL, NULL),
(69, 'Ethiopia', 'ET', NULL, NULL),
(70, 'Falkland Islands (Malvinas)', 'FK', NULL, NULL),
(71, 'Faroe Islands', 'FO', NULL, NULL),
(72, 'Fiji', 'FJ', NULL, NULL),
(73, 'Finland', 'FI', NULL, NULL),
(74, 'France', 'FR', NULL, NULL),
(75, 'France, Metropolitan', 'FX', NULL, NULL),
(76, 'French Guiana', 'GF', NULL, NULL),
(77, 'French Polynesia', 'PF', NULL, NULL),
(78, 'French Southern Territories', 'TF', NULL, NULL),
(79, 'Gabon', 'GA', NULL, NULL),
(80, 'Gambia', 'GM', NULL, NULL),
(81, 'Georgia', 'GE', NULL, NULL),
(82, 'Germany', 'DE', NULL, NULL),
(83, 'Ghana', 'GH', NULL, NULL),
(84, 'Gibraltar', 'GI', NULL, NULL),
(85, 'Greece', 'GR', NULL, NULL),
(86, 'Greenland', 'GL', NULL, NULL),
(87, 'Grenada', 'GD', NULL, NULL),
(88, 'Guadeloupe', 'GP', NULL, NULL),
(89, 'Guam', 'GU', NULL, NULL),
(90, 'Guatemala', 'GT', NULL, NULL),
(91, 'Guinea', 'GN', NULL, NULL),
(92, 'Guinea-Bissau', 'GW', NULL, NULL),
(93, 'Guyana', 'GY', NULL, NULL),
(94, 'Haiti', 'HT', NULL, NULL),
(95, 'Heard and Mc Donald Islands', 'HM', NULL, NULL),
(96, 'Honduras', 'HN', NULL, NULL),
(97, 'Hong Kong', 'HK', NULL, NULL),
(98, 'Hungary', 'HU', NULL, NULL),
(99, 'Iceland', 'IS', NULL, NULL),
(100, 'India', 'IN', NULL, NULL),
(101, 'Indonesia', 'ID', NULL, NULL),
(102, 'Iran (Islamic Republic of)', 'IR', NULL, NULL),
(103, 'Iraq', 'IQ', NULL, NULL),
(104, 'Ireland', 'IE', NULL, NULL),
(105, 'Israel', 'IL', NULL, NULL),
(106, 'Italy', 'IT', NULL, NULL),
(107, 'Ivory Coast', 'CI', NULL, NULL),
(108, 'Jamaica', 'JM', NULL, NULL),
(109, 'Japan', 'JP', NULL, NULL),
(110, 'Jordan', 'JO', NULL, NULL),
(111, 'Kazakhstan', 'KZ', NULL, NULL),
(112, 'Kenya', 'KE', NULL, NULL),
(113, 'Kiribati', 'KI', NULL, NULL),
(114, 'Korea, Democratic People\'s Republic of', 'KP', NULL, NULL),
(115, 'Korea, Republic of', 'KR', NULL, NULL),
(116, 'Kuwait', 'KW', NULL, NULL),
(117, 'Kyrgyzstan', 'KG', NULL, NULL),
(118, 'Lao People\'s Democratic Republic', 'LA', NULL, NULL),
(119, 'Latvia', 'LV', NULL, NULL),
(120, 'Lebanon', 'LB', NULL, NULL),
(121, 'Lesotho', 'LS', NULL, NULL),
(122, 'Liberia', 'LR', NULL, NULL),
(123, 'Libyan Arab Jamahiriya', 'LY', NULL, NULL),
(124, 'Liechtenstein', 'LI', NULL, NULL),
(125, 'Lithuania', 'LT', NULL, NULL),
(126, 'Luxembourg', 'LU', NULL, NULL),
(127, 'Macau', 'MO', NULL, NULL),
(128, 'Macedonia', 'MK', NULL, NULL),
(129, 'Madagascar', 'MG', NULL, NULL),
(130, 'Malawi', 'MW', NULL, NULL),
(131, 'Malaysia', 'MY', NULL, NULL),
(132, 'Maldives', 'MV', NULL, NULL),
(133, 'Mali', 'ML', NULL, NULL),
(134, 'Malta', 'MT', NULL, NULL),
(135, 'Marshall Islands', 'MH', NULL, NULL),
(136, 'Martinique', 'MQ', NULL, NULL),
(137, 'Mauritania', 'MR', NULL, NULL),
(138, 'Mauritius', 'MU', NULL, NULL),
(139, 'Mayotte', 'TY', NULL, NULL),
(140, 'Mexico', 'MX', NULL, NULL),
(141, 'Micronesia, Federated States of', 'FM', NULL, NULL),
(142, 'Moldova, Republic of', 'MD', NULL, NULL),
(143, 'Monaco', 'MC', NULL, NULL),
(144, 'Mongolia', 'MN', NULL, NULL),
(145, 'Montserrat', 'MS', NULL, NULL),
(146, 'Morocco', 'MA', NULL, NULL),
(147, 'Mozambique', 'MZ', NULL, NULL),
(148, 'Myanmar', 'MM', NULL, NULL),
(149, 'Namibia', 'NA', NULL, NULL),
(150, 'Nauru', 'NR', NULL, NULL),
(151, 'Nepal', 'NP', NULL, NULL),
(152, 'Netherlands', 'NL', NULL, NULL),
(153, 'Netherlands Antilles', 'AN', NULL, NULL),
(154, 'New Caledonia', 'NC', NULL, NULL),
(155, 'New Zealand', 'NZ', NULL, NULL),
(156, 'Nicaragua', 'NI', NULL, NULL),
(157, 'Niger', 'NE', NULL, NULL),
(158, 'Nigeria', 'NG', NULL, NULL),
(159, 'Niue', 'NU', NULL, NULL),
(160, 'Norfork Island', 'NF', NULL, NULL),
(161, 'Northern Mariana Islands', 'MP', NULL, NULL),
(162, 'Norway', 'NO', NULL, NULL),
(163, 'Oman', 'OM', NULL, NULL),
(164, 'Pakistan', 'PK', NULL, NULL),
(165, 'Palau', 'PW', NULL, NULL),
(166, 'Panama', 'PA', NULL, NULL),
(167, 'Papua New Guinea', 'PG', NULL, NULL),
(168, 'Paraguay', 'PY', NULL, NULL),
(169, 'Peru', 'PE', NULL, NULL),
(170, 'Philippines', 'PH', NULL, NULL),
(171, 'Pitcairn', 'PN', NULL, NULL),
(172, 'Poland', 'PL', NULL, NULL),
(173, 'Portugal', 'PT', NULL, NULL),
(174, 'Puerto Rico', 'PR', NULL, NULL),
(175, 'Qatar', 'QA', NULL, NULL),
(176, 'Republic of South Sudan', 'SS', NULL, NULL),
(177, 'Reunion', 'RE', NULL, NULL),
(178, 'Romania', 'RO', NULL, NULL),
(179, 'Russian Federation', 'RU', NULL, NULL),
(180, 'Rwanda', 'RW', NULL, NULL),
(181, 'Saint Kitts and Nevis', 'KN', NULL, NULL),
(182, 'Saint Lucia', 'LC', NULL, NULL),
(183, 'Saint Vincent and the Grenadines', 'VC', NULL, NULL),
(184, 'Samoa', 'WS', NULL, NULL),
(185, 'San Marino', 'SM', NULL, NULL),
(186, 'Sao Tome and Principe', 'ST', NULL, NULL),
(187, 'Saudi Arabia', 'SA', NULL, NULL),
(188, 'Senegal', 'SN', NULL, NULL),
(189, 'Serbia', 'RS', NULL, NULL),
(190, 'Seychelles', 'SC', NULL, NULL),
(191, 'Sierra Leone', 'SL', NULL, NULL),
(192, 'Singapore', 'SG', NULL, NULL),
(193, 'Slovakia', 'SK', NULL, NULL),
(194, 'Slovenia', 'SI', NULL, NULL),
(195, 'Solomon Islands', 'SB', NULL, NULL),
(196, 'Somalia', 'SO', NULL, NULL),
(197, 'South Africa', 'ZA', NULL, NULL),
(198, 'South Georgia South Sandwich Islands', 'GS', NULL, NULL),
(199, 'Spain', 'ES', NULL, NULL),
(200, 'Sri Lanka', 'LK', NULL, NULL),
(201, 'St. Helena', 'SH', NULL, NULL),
(202, 'St. Pierre and Miquelon', 'PM', NULL, NULL),
(203, 'Sudan', 'SD', NULL, NULL),
(204, 'Suriname', 'SR', NULL, NULL),
(205, 'Svalbarn and Jan Mayen Islands', 'SJ', NULL, NULL),
(206, 'Swaziland', 'SZ', NULL, NULL),
(207, 'Sweden', 'SE', NULL, NULL),
(208, 'Switzerland', 'CH', NULL, NULL),
(209, 'Syrian Arab Republic', 'SY', NULL, NULL),
(210, 'Taiwan', 'TW', NULL, NULL),
(211, 'Tajikistan', 'TJ', NULL, NULL),
(212, 'Tanzania, United Republic of', 'TZ', NULL, NULL),
(213, 'Thailand', 'TH', NULL, NULL),
(214, 'Togo', 'TG', NULL, NULL),
(215, 'Tokelau', 'TK', NULL, NULL),
(216, 'Tonga', 'TO', NULL, NULL),
(217, 'Trinidad and Tobago', 'TT', NULL, NULL),
(218, 'Tunisia', 'TN', NULL, NULL),
(219, 'Turkey', 'TR', NULL, NULL),
(220, 'Turkmenistan', 'TM', NULL, NULL),
(221, 'Turks and Caicos Islands', 'TC', NULL, NULL),
(222, 'Tuvalu', 'TV', NULL, NULL),
(223, 'Uganda', 'UG', NULL, NULL),
(224, 'Ukraine', 'UA', NULL, NULL),
(225, 'United Arab Emirates', 'AE', NULL, NULL),
(226, 'United Kingdom', 'GB', NULL, NULL),
(227, 'United States minor outlying islands', 'UM', NULL, NULL),
(228, 'Uruguay', 'UY', NULL, NULL),
(229, 'Uzbekistan', 'UZ', NULL, NULL),
(230, 'Vanuatu', 'VU', NULL, NULL),
(231, 'Vatican City State', 'VA', NULL, NULL),
(232, 'Venezuela', 'VE', NULL, NULL),
(233, 'Vietnam', 'VN', NULL, NULL),
(234, 'Virgin Islands (British)', 'VG', NULL, NULL),
(235, 'Virgin Islands (U.S.)', 'VI', NULL, NULL),
(236, 'Wallis and Futuna Islands', 'WF', NULL, NULL),
(237, 'Western Sahara', 'EH', NULL, NULL),
(238, 'Yemen', 'YE', NULL, NULL),
(239, 'Yugoslavia', 'YU', NULL, NULL),
(240, 'Zaire', 'ZR', NULL, NULL),
(241, 'Zambia', 'ZM', NULL, NULL),
(242, 'Zimbabwe', 'ZW', NULL, NULL);

-- --------------------------------------------------------

--
-- Table structure for table `customer_addresses`
--

CREATE TABLE `customer_addresses` (
  `id` bigint(20) UNSIGNED NOT NULL,
  `user_id` bigint(20) UNSIGNED NOT NULL,
  `first_name` varchar(255) COLLATE utf8mb4_unicode_ci NOT NULL,
  `last_name` varchar(255) COLLATE utf8mb4_unicode_ci NOT NULL,
  `mobile` varchar(255) COLLATE utf8mb4_unicode_ci NOT NULL,
  `email` varchar(255) COLLATE utf8mb4_unicode_ci NOT NULL,
  `country_id` bigint(20) UNSIGNED NOT NULL,
  `address` text COLLATE utf8mb4_unicode_ci NOT NULL,
  `apartment` varchar(255) COLLATE utf8mb4_unicode_ci DEFAULT NULL,
  `city` varchar(255) COLLATE utf8mb4_unicode_ci NOT NULL,
  `state` varchar(255) COLLATE utf8mb4_unicode_ci NOT NULL,
  `zip` varchar(255) COLLATE utf8mb4_unicode_ci NOT NULL,
  `created_at` timestamp NULL DEFAULT NULL,
  `updated_at` timestamp NULL DEFAULT NULL
) ENGINE=InnoDB DEFAULT CHARSET=utf8mb4 COLLATE=utf8mb4_unicode_ci;

--
-- Dumping data for table `customer_addresses`
--

INSERT INTO `customer_addresses` (`id`, `user_id`, `first_name`, `last_name`, `mobile`, `email`, `country_id`, `address`, `apartment`, `city`, `state`, `zip`, `created_at`, `updated_at`) VALUES
(1, 3, 'Priyanka', 'Bhavsar', '9538135005', 'p.bhavsar2610@gmail.com', 100, 'Keerthi Royal Palms, Keerthi Royal Palms, Keerthi Royal Palms, Keerthi Royal Palms,', 'Keerthi', 'Banglore', 'Karnataka', '560100', '2023-11-25 04:10:25', '2023-12-01 05:23:26'),
(2, 1, 'Mukesh', 'Bhavsar', '09978835005', 'mukeshbhavsar210@gmail.com', 100, 'Keerthi Royal Palms,Keerthi Royal Palms,Keerthi Royal Palms,Keerthi Royal Palms,Keerthi Royal Palms,', 'Samarthya', 'Banglore', 'Karnataka', '560100', '2023-11-28 03:21:53', '2023-11-28 03:21:53');

-- --------------------------------------------------------

--
-- Table structure for table `discount_coupons`
--

CREATE TABLE `discount_coupons` (
  `id` bigint(20) UNSIGNED NOT NULL,
  `code` varchar(255) COLLATE utf8mb4_unicode_ci NOT NULL,
  `name` varchar(255) COLLATE utf8mb4_unicode_ci DEFAULT NULL,
  `description` varchar(255) COLLATE utf8mb4_unicode_ci DEFAULT NULL,
  `max_uses` varchar(255) COLLATE utf8mb4_unicode_ci DEFAULT NULL,
  `max_uses_user` varchar(255) COLLATE utf8mb4_unicode_ci DEFAULT NULL,
  `type` enum('percent','fixed') COLLATE utf8mb4_unicode_ci NOT NULL DEFAULT 'fixed',
  `discount_amount` double(10,2) NOT NULL,
  `min_amount` double(10,2) DEFAULT NULL,
  `status` int(11) NOT NULL DEFAULT 1,
  `starts_at` timestamp NULL DEFAULT NULL,
  `expires_at` timestamp NULL DEFAULT NULL,
  `created_at` timestamp NULL DEFAULT NULL,
  `updated_at` timestamp NULL DEFAULT NULL
) ENGINE=InnoDB DEFAULT CHARSET=utf8mb4 COLLATE=utf8mb4_unicode_ci;

--
-- Dumping data for table `discount_coupons`
--

INSERT INTO `discount_coupons` (`id`, `code`, `name`, `description`, `max_uses`, `max_uses_user`, `type`, `discount_amount`, `min_amount`, `status`, `starts_at`, `expires_at`, `created_at`, `updated_at`) VALUES
(4, 'IND30', 'Dummy name', 'Hello1', '10', '3', 'percent', 10.00, 15.00, 1, '2023-11-27 11:36:57', '2023-11-30 11:36:59', '2023-11-28 06:07:01', '2023-11-29 02:18:46'),
(5, 'IND99', 'Independence Day', 'Hello2', '10', '2', 'fixed', 90.00, 1000.00, 1, '2023-11-28 11:39:33', '2023-12-31 11:39:35', '2023-11-28 06:09:46', '2023-11-29 02:17:51');

-- --------------------------------------------------------

--
-- Table structure for table `failed_jobs`
--

CREATE TABLE `failed_jobs` (
  `id` bigint(20) UNSIGNED NOT NULL,
  `uuid` varchar(255) COLLATE utf8mb4_unicode_ci NOT NULL,
  `connection` text COLLATE utf8mb4_unicode_ci NOT NULL,
  `queue` text COLLATE utf8mb4_unicode_ci NOT NULL,
  `payload` longtext COLLATE utf8mb4_unicode_ci NOT NULL,
  `exception` longtext COLLATE utf8mb4_unicode_ci NOT NULL,
  `failed_at` timestamp NOT NULL DEFAULT current_timestamp()
) ENGINE=InnoDB DEFAULT CHARSET=utf8mb4 COLLATE=utf8mb4_unicode_ci;

-- --------------------------------------------------------

--
-- Table structure for table `migrations`
--

CREATE TABLE `migrations` (
  `id` int(10) UNSIGNED NOT NULL,
  `migration` varchar(255) COLLATE utf8mb4_unicode_ci NOT NULL,
  `batch` int(11) NOT NULL
) ENGINE=InnoDB DEFAULT CHARSET=utf8mb4 COLLATE=utf8mb4_unicode_ci;

--
-- Dumping data for table `migrations`
--

INSERT INTO `migrations` (`id`, `migration`, `batch`) VALUES
(1, '2014_10_12_000000_create_users_table', 1),
(2, '2014_10_12_100000_create_password_resets_table', 1),
(3, '2019_08_19_000000_create_failed_jobs_table', 1),
(4, '2019_12_14_000001_create_personal_access_tokens_table', 1),
(5, '2023_11_18_051106_alter_users_table', 2),
(6, '2023_11_20_052052_create_categories_table', 3),
(7, '2023_11_20_091142_create_temp_images_table', 4),
(8, '2023_11_20_123339_create_sub_categories_table', 5),
(9, '2023_11_21_045811_create_brands_table', 6),
(10, '2023_11_21_063746_create_products_table', 7),
(11, '2023_11_21_063811_create_product_images_table', 7),
(12, '2023_11_23_101727_alter_categories_table', 8),
(13, '2023_11_23_102759_alter_products_table', 9),
(14, '2023_11_23_103442_alter_sub_categories_table', 10),
(15, '2023_11_24_064315_alter_products_table', 11),
(16, '2023_11_25_072939_create_countries_table', 12),
(17, '2023_11_25_075119_create_orders_table', 13),
(18, '2023_11_25_075155_create_orders_items_table', 13),
(19, '2023_11_25_075250_create_customer_addresses_table', 13),
(20, '2023_11_25_135444_create_shipping_charges_table', 14),
(21, '2023_11_28_090521_create_discount_coupons_table', 15),
(22, '2023_11_28_091637_create_discount_coupons_table', 16),
(23, '2023_11_28_091724_create_discount_coupons_table', 17),
(24, '2023_11_28_092025_create_discount_coupons_table', 18),
(25, '2023_11_28_092115_create_discount_coupons_table', 19),
(26, '2023_11_28_092301_create_discount_coupons_table', 20),
(27, '2023_11_29_084104_alter_orders_table', 21),
(28, '2023_11_29_104758_alter_orders_table', 22),
(29, '2023_11_30_051729_create_wishlists_table', 23),
(30, '2023_12_01_060717_alter_users_table', 24),
(31, '2023_12_01_072404_create_pages_table', 25),
(32, '2023_12_02_111056_create_product_ratings_table', 26);

-- --------------------------------------------------------

--
-- Table structure for table `orders`
--

CREATE TABLE `orders` (
  `id` bigint(20) UNSIGNED NOT NULL,
  `user_id` bigint(20) UNSIGNED NOT NULL,
  `subtotal` double(10,2) NOT NULL,
  `shipping` double(10,2) NOT NULL,
  `coupon_code` varchar(100) COLLATE utf8mb4_unicode_ci DEFAULT NULL,
  `coupon_code_id` int(11) DEFAULT NULL,
  `discount` double(10,2) DEFAULT NULL,
  `grandtotal` double(10,2) NOT NULL,
  `payment_status` enum('paid','not paid') COLLATE utf8mb4_unicode_ci NOT NULL DEFAULT 'not paid',
  `status` enum('pending','shipped','delivered','cancelled') COLLATE utf8mb4_unicode_ci NOT NULL DEFAULT 'pending',
  `shipped_date` timestamp NULL DEFAULT NULL,
  `first_name` varchar(100) COLLATE utf8mb4_unicode_ci NOT NULL,
  `last_name` varchar(100) COLLATE utf8mb4_unicode_ci NOT NULL,
  `mobile` varchar(15) COLLATE utf8mb4_unicode_ci NOT NULL,
  `email` varchar(100) COLLATE utf8mb4_unicode_ci NOT NULL,
  `country_id` bigint(20) UNSIGNED NOT NULL,
  `address` text COLLATE utf8mb4_unicode_ci NOT NULL,
  `apartment` varchar(100) COLLATE utf8mb4_unicode_ci DEFAULT NULL,
  `city` varchar(100) COLLATE utf8mb4_unicode_ci NOT NULL,
  `state` varchar(100) COLLATE utf8mb4_unicode_ci NOT NULL,
  `zip` varchar(10) COLLATE utf8mb4_unicode_ci NOT NULL,
  `notes` text COLLATE utf8mb4_unicode_ci DEFAULT NULL,
  `created_at` timestamp NULL DEFAULT NULL,
  `updated_at` timestamp NULL DEFAULT NULL
) ENGINE=InnoDB DEFAULT CHARSET=utf8mb4 COLLATE=utf8mb4_unicode_ci;

--
-- Dumping data for table `orders`
--

INSERT INTO `orders` (`id`, `user_id`, `subtotal`, `shipping`, `coupon_code`, `coupon_code_id`, `discount`, `grandtotal`, `payment_status`, `status`, `shipped_date`, `first_name`, `last_name`, `mobile`, `email`, `country_id`, `address`, `apartment`, `city`, `state`, `zip`, `notes`, `created_at`, `updated_at`) VALUES
(19, 3, 314.00, 10.00, 'IND30', 4, 31.40, 292.60, 'not paid', 'cancelled', '2023-11-28 11:24:54', 'Dhruv', 'Bhavsar', '0997883500', 'dhruvbhavsar210@gmail.com', 100, 'Keerthi Royal Palms, Keerthi Royal Palms, Keerthi Royal Palms, Keerthi Royal Palms,', NULL, 'Banglore', 'Karnataka', '560100', NULL, '2023-11-29 00:51:51', '2023-11-29 05:55:09'),
(26, 3, 1151.00, 40.00, 'IND99', 5, 90.00, 1101.00, 'not paid', 'delivered', NULL, 'Dhruv', 'Bhavsar', '09978835005', 'dhruvbhavsar210@gmail.com', 100, 'Keerthi Royal Palms, Keerthi Royal Palms, Keerthi Royal Palms, Keerthi Royal Palms,', NULL, 'Banglore', 'Karnataka', '560100', NULL, '2023-11-29 02:17:59', '2023-11-29 02:17:59'),
(27, 3, 314.00, 10.00, 'IND30', 4, 31.40, 292.60, 'not paid', 'pending', NULL, 'Dhruv', 'Bhavsar', '09978835005', 'dhruvbhavsar210@gmail.com', 100, 'Keerthi Royal Palms, Keerthi Royal Palms, Keerthi Royal Palms, Keerthi Royal Palms,', NULL, 'Banglore', 'Karnataka', '560100', NULL, '2023-11-29 03:06:56', '2023-11-29 03:06:56'),
(28, 3, 314.00, 10.00, '', NULL, 0.00, 324.00, 'not paid', 'cancelled', '2023-11-28 11:13:49', 'Dhruv', 'Bhavsar', '09978835005', 'dhruvbhavsar210@gmail.com', 100, 'Keerthi Royal Palms, Keerthi Royal Palms, Keerthi Royal Palms, Keerthi Royal Palms,', NULL, 'Banglore', 'Karnataka', '560100', NULL, '2023-11-29 03:50:43', '2023-11-29 06:16:02'),
(29, 3, 279.00, 10.00, '', NULL, 0.00, 289.00, 'not paid', 'pending', NULL, 'Dhruv', 'Bhavsar', '09978835005', 'dhruvbhavsar210@gmail.com', 100, 'Keerthi Royal Palms, Keerthi Royal Palms, Keerthi Royal Palms, Keerthi Royal Palms,', NULL, 'Banglore', 'Karnataka', '560100', NULL, '2023-11-29 07:12:26', '2023-11-29 07:12:26'),
(30, 3, 971.00, 10.00, '', NULL, 0.00, 981.00, 'not paid', 'pending', NULL, 'Dhruv', 'Bhavsar', '09978835005', 'dhruvbhavsar210@gmail.com', 100, 'Keerthi Royal Palms, Keerthi Royal Palms, Keerthi Royal Palms, Keerthi Royal Palms,', NULL, 'Banglore', 'Karnataka', '560100', NULL, '2023-11-29 07:18:57', '2023-11-29 07:18:57'),
(31, 3, 1942.00, 20.00, '', NULL, 0.00, 1962.00, 'not paid', 'pending', NULL, 'Dhruv', 'Bhavsar', '09978835005', 'dhruvbhavsar210@gmail.com', 100, 'Keerthi Royal Palms, Keerthi Royal Palms, Keerthi Royal Palms, Keerthi Royal Palms,', NULL, 'Banglore', 'Karnataka', '560100', NULL, '2023-11-30 05:00:31', '2023-11-30 05:00:31'),
(32, 3, 971.00, 10.00, '', NULL, 0.00, 981.00, 'not paid', 'pending', NULL, 'Dhruv', 'Bhavsar', '09978835005', 'dhruvbhavsar210@gmail.com', 100, 'Keerthi Royal Palms, Keerthi Royal Palms, Keerthi Royal Palms, Keerthi Royal Palms,', NULL, 'Banglore', 'Karnataka', '560100', NULL, '2023-11-30 05:09:40', '2023-11-30 05:09:40');

-- --------------------------------------------------------

--
-- Table structure for table `order_items`
--

CREATE TABLE `order_items` (
  `id` bigint(20) UNSIGNED NOT NULL,
  `order_id` bigint(20) UNSIGNED NOT NULL,
  `product_id` bigint(20) UNSIGNED NOT NULL,
  `name` varchar(255) COLLATE utf8mb4_unicode_ci NOT NULL,
  `qty` int(11) NOT NULL,
  `price` double(10,2) NOT NULL,
  `total` double(10,2) NOT NULL,
  `created_at` timestamp NULL DEFAULT NULL,
  `updated_at` timestamp NULL DEFAULT NULL
) ENGINE=InnoDB DEFAULT CHARSET=utf8mb4 COLLATE=utf8mb4_unicode_ci;

--
-- Dumping data for table `order_items`
--

INSERT INTO `order_items` (`id`, `order_id`, `product_id`, `name`, `qty`, `price`, `total`, `created_at`, `updated_at`) VALUES
(26, 19, 14, 'Men Yellow Printed Cotton Pure Cotton T-shirt', 1, 314.00, 314.00, '2023-11-29 00:51:51', '2023-11-29 00:51:51'),
(37, 26, 14, 'Men Yellow Printed Cotton Pure Cotton T-shirt', 1, 314.00, 314.00, '2023-11-29 02:17:59', '2023-11-29 02:17:59'),
(38, 26, 16, 'Boys Printed Jersey Top', 2, 279.00, 558.00, '2023-11-29 02:17:59', '2023-11-29 02:17:59'),
(39, 26, 13, 'Men Black Cotton Pure Cotton T-shirt', 1, 279.00, 279.00, '2023-11-29 02:17:59', '2023-11-29 02:17:59'),
(40, 27, 14, 'Men Yellow Printed Cotton Pure Cotton T-shirt', 1, 314.00, 314.00, '2023-11-29 03:06:56', '2023-11-29 03:06:56'),
(41, 28, 14, 'Men Yellow Printed Cotton Pure Cotton T-shirt', 1, 314.00, 314.00, '2023-11-29 03:50:43', '2023-11-29 03:50:43'),
(42, 29, 13, 'Men Black Cotton Pure Cotton T-shirt', 1, 279.00, 279.00, '2023-11-29 07:12:26', '2023-11-29 07:12:26'),
(43, 30, 15, 'anayna', 1, 971.00, 971.00, '2023-11-29 07:18:57', '2023-11-29 07:18:57'),
(44, 31, 15, 'anayna', 2, 971.00, 1942.00, '2023-11-30 05:00:31', '2023-11-30 05:00:31'),
(45, 32, 15, 'anayna', 1, 971.00, 971.00, '2023-11-30 05:09:40', '2023-11-30 05:09:40');

-- --------------------------------------------------------

--
-- Table structure for table `pages`
--

CREATE TABLE `pages` (
  `id` bigint(20) UNSIGNED NOT NULL,
  `name` varchar(255) COLLATE utf8mb4_unicode_ci NOT NULL,
  `slug` varchar(255) COLLATE utf8mb4_unicode_ci NOT NULL,
  `content` text COLLATE utf8mb4_unicode_ci DEFAULT NULL,
  `created_at` timestamp NULL DEFAULT NULL,
  `updated_at` timestamp NULL DEFAULT NULL
) ENGINE=InnoDB DEFAULT CHARSET=utf8mb4 COLLATE=utf8mb4_unicode_ci;

--
-- Dumping data for table `pages`
--

INSERT INTO `pages` (`id`, `name`, `slug`, `content`, `created_at`, `updated_at`) VALUES
(2, 'About us', 'about-us', '<p><strong style=\"margin: 0px; padding: 0px; color: rgb(0, 0, 0); font-family: &quot;Open Sans&quot;, Arial, sans-serif; font-size: 14px; text-align: justify;\">Lorem Ipsum</strong><span style=\"color: rgb(0, 0, 0); font-family: &quot;Open Sans&quot;, Arial, sans-serif; font-size: 14px; text-align: justify;\">&nbsp;is simply dummy text of the printing and typesetting industry. Lorem Ipsum has been the industry\'s standard dummy text ever since the 1500s, when an unknown printer took a galley of type and scrambled it to make a type specimen book. It has survived not only five centuries, but also the leap into electronic typesetting, remaining essentially unchanged. It was popularised in the 1960s with the release of Letraset sheets containing Lorem Ipsum passages, and more recently with desktop publishing software like Aldus PageMaker including versions of Lorem Ipsum.</span></p><p><strong style=\"margin: 0px; padding: 0px; color: rgb(0, 0, 0); font-family: &quot;Open Sans&quot;, Arial, sans-serif; font-size: 14px; text-align: justify;\">Lorem Ipsum</strong><span style=\"color: rgb(0, 0, 0); font-family: &quot;Open Sans&quot;, Arial, sans-serif; font-size: 14px; text-align: justify;\">&nbsp;is simply dummy text of the printing and typesetting industry. Lorem Ipsum has been the industry\'s standard dummy text ever since the 1500s, when an unknown printer took a galley of type and scrambled it to make a type specimen book. It has survived not only five centuries, but also the leap into electronic typesetting, remaining essentially unchanged. It was popularised in the 1960s with the release of Letraset sheets containing Lorem Ipsum passages, and more recently with desktop publishing software like Aldus PageMaker including versions of Lorem Ipsum.</span><span style=\"color: rgb(0, 0, 0); font-family: &quot;Open Sans&quot;, Arial, sans-serif; font-size: 14px; text-align: justify;\"><br></span><br></p>', '2023-12-01 03:33:50', '2023-12-01 03:33:50'),
(3, 'Contact', 'contact-us', '<p>It is a long established fact that a reader will be distracted by the readable content of a page when looking at its layout. The point of using Lorem Ipsum is that it has a more-or-less normal distribution of letters, as opposed to using Content.</p>\r\n                    <address>\r\n                    Cecilia Chapman <br>\r\n                    711-2880 Nulla St.<br>\r\n                    Mankato Mississippi 96522<br>\r\n                    <a href=\"tel:+xxxxxxxx\">(XXX) 555-2368</a><br>\r\n                    <a href=\"mailto:jim@rock.com\">jim@rock.com</a>\r\n                    </address>', '2023-12-01 03:44:47', '2023-12-01 06:07:41');

-- --------------------------------------------------------

--
-- Table structure for table `password_reset_tokens`
--

CREATE TABLE `password_reset_tokens` (
  `email` varchar(255) COLLATE utf8mb4_unicode_ci NOT NULL,
  `token` varchar(255) COLLATE utf8mb4_unicode_ci NOT NULL,
  `created_at` timestamp NULL DEFAULT NULL
) ENGINE=InnoDB DEFAULT CHARSET=utf8mb4 COLLATE=utf8mb4_unicode_ci;

-- --------------------------------------------------------

--
-- Table structure for table `personal_access_tokens`
--

CREATE TABLE `personal_access_tokens` (
  `id` bigint(20) UNSIGNED NOT NULL,
  `tokenable_type` varchar(255) COLLATE utf8mb4_unicode_ci NOT NULL,
  `tokenable_id` bigint(20) UNSIGNED NOT NULL,
  `name` varchar(255) COLLATE utf8mb4_unicode_ci NOT NULL,
  `token` varchar(64) COLLATE utf8mb4_unicode_ci NOT NULL,
  `abilities` text COLLATE utf8mb4_unicode_ci DEFAULT NULL,
  `last_used_at` timestamp NULL DEFAULT NULL,
  `expires_at` timestamp NULL DEFAULT NULL,
  `created_at` timestamp NULL DEFAULT NULL,
  `updated_at` timestamp NULL DEFAULT NULL
) ENGINE=InnoDB DEFAULT CHARSET=utf8mb4 COLLATE=utf8mb4_unicode_ci;

-- --------------------------------------------------------

--
-- Table structure for table `products`
--

CREATE TABLE `products` (
  `id` bigint(20) UNSIGNED NOT NULL,
  `title` varchar(255) COLLATE utf8mb4_unicode_ci NOT NULL,
  `slug` varchar(255) COLLATE utf8mb4_unicode_ci NOT NULL,
  `description` text COLLATE utf8mb4_unicode_ci DEFAULT NULL,
  `short_description` text COLLATE utf8mb4_unicode_ci DEFAULT NULL,
  `shipping_returns` text COLLATE utf8mb4_unicode_ci DEFAULT NULL,
  `related_products` text COLLATE utf8mb4_unicode_ci DEFAULT NULL,
  `price` double(10,2) NOT NULL,
  `compare_price` double(10,2) DEFAULT NULL,
  `category_id` bigint(20) UNSIGNED NOT NULL,
  `sub_category_id` bigint(20) UNSIGNED DEFAULT NULL,
  `brand_id` bigint(20) UNSIGNED DEFAULT NULL,
  `is_featured` enum('Yes','No') COLLATE utf8mb4_unicode_ci NOT NULL DEFAULT 'No',
  `sku` varchar(255) COLLATE utf8mb4_unicode_ci NOT NULL,
  `barcode` varchar(255) COLLATE utf8mb4_unicode_ci DEFAULT NULL,
  `track_qty` enum('Yes','No') COLLATE utf8mb4_unicode_ci NOT NULL DEFAULT 'Yes',
  `qty` int(11) DEFAULT NULL,
  `status` int(11) NOT NULL DEFAULT 1,
  `created_at` timestamp NULL DEFAULT NULL,
  `updated_at` timestamp NULL DEFAULT NULL
) ENGINE=InnoDB DEFAULT CHARSET=utf8mb4 COLLATE=utf8mb4_unicode_ci;

--
-- Dumping data for table `products`
--

INSERT INTO `products` (`id`, `title`, `slug`, `description`, `short_description`, `shipping_returns`, `related_products`, `price`, `compare_price`, `category_id`, `sub_category_id`, `brand_id`, `is_featured`, `sku`, `barcode`, `track_qty`, `qty`, `status`, `created_at`, `updated_at`) VALUES
(13, 'Men Black Cotton Pure Cotton T-shirt', 'men-black-cotton-pure-cotton-t-shirt', '<p><span style=\"color: rgb(40, 44, 63); font-family: Assistant, -apple-system, BlinkMacSystemFont, &quot;Segoe UI&quot;, Roboto, Helvetica, Arial, sans-serif;\">Black solid T-shirt, has a round neck, short sleeves</span></p><div class=\"pdp-sizeFitDesc\" style=\"box-sizing: inherit; border: none; margin-top: 12px; color: rgb(0, 0, 0); font-family: Assistant, -apple-system, BlinkMacSystemFont, &quot;Segoe UI&quot;, Roboto, Helvetica, Arial, sans-serif; font-size: medium;\"><h4 class=\"pdp-sizeFitDescTitle pdp-product-description-title\" style=\"box-sizing: inherit; color: rgb(40, 44, 63); font-size: 16px; margin-right: 0px; margin-bottom: 0px; margin-left: 0px; font-weight: 700; text-transform: capitalize; border: none; padding-bottom: 5px;\">Size &amp; Fit</h4><p class=\"pdp-sizeFitDescContent pdp-product-description-content\" style=\"box-sizing: inherit; color: rgb(40, 44, 63); line-height: 1.4; font-size: 16px; margin-right: 0px; margin-bottom: 0px; margin-left: 0px; width: 461.734px;\">The model (height 6\') is wearing a size M</p></div><div class=\"pdp-sizeFitDesc\" style=\"box-sizing: inherit; border: none; margin-top: 12px; color: rgb(0, 0, 0); font-family: Assistant, -apple-system, BlinkMacSystemFont, &quot;Segoe UI&quot;, Roboto, Helvetica, Arial, sans-serif; font-size: medium;\"><h4 class=\"pdp-sizeFitDescTitle pdp-product-description-title\" style=\"box-sizing: inherit; color: rgb(40, 44, 63); font-size: 16px; margin-right: 0px; margin-bottom: 0px; margin-left: 0px; font-weight: 700; text-transform: capitalize; border: none; padding-bottom: 5px;\">Material &amp; Care</h4><p class=\"pdp-sizeFitDescContent pdp-product-description-content\" style=\"box-sizing: inherit; color: rgb(40, 44, 63); line-height: 1.4; font-size: 16px; margin-right: 0px; margin-bottom: 0px; margin-left: 0px; width: 461.734px;\">100% cotton<br style=\"box-sizing: inherit;\">Machine-wash</p></div><div class=\"index-sizeFitDesc\" style=\"box-sizing: inherit; border: none; margin-top: 12px; color: rgb(0, 0, 0); font-family: Assistant, -apple-system, BlinkMacSystemFont, &quot;Segoe UI&quot;, Roboto, Helvetica, Arial, sans-serif; font-size: medium;\"><h4 class=\"index-sizeFitDescTitle index-product-description-title\" style=\"box-sizing: inherit; color: rgb(40, 44, 63); font-size: 16px; margin-right: 0px; margin-bottom: 0px; margin-left: 0px; font-weight: 700; padding-bottom: 12px; border: none; text-transform: capitalize;\">Specifications</h4></div>', NULL, NULL, NULL, 279.00, 399.00, 82, 6, 17, 'Yes', 'tshirt_01', 'tshirt_000001', 'Yes', 5, 1, '2023-11-24 00:08:01', '2023-11-24 00:08:01'),
(14, 'Men Yellow Printed Cotton Pure Cotton T-shirt', 'men-yellow-printed-cotton-pure-cotton-t-shirt', '<div style=\"box-sizing: inherit; color: rgb(0, 0, 0); font-family: Assistant, -apple-system, BlinkMacSystemFont, &quot;Segoe UI&quot;, Roboto, Helvetica, Arial, sans-serif; font-size: medium;\"><p class=\"pdp-product-description-content\" style=\"box-sizing: inherit; color: rgb(40, 44, 63); line-height: 1.4; font-size: 16px; margin-top: 12px; width: 430.953px;\">Keep this hip this season with the HRX Men\'s Athleisure T-shirt. This versatile T-shirt can be styled any way you like for the ultimate gym-to-street look.<br style=\"box-sizing: inherit;\"><br style=\"box-sizing: inherit;\"><span style=\"box-sizing: inherit; font-weight: 700; display: inline-block; margin-top: 16px;\">Features</span></p><ul style=\"box-sizing: inherit; list-style: none; padding: 0px; margin-right: 0px; margin-bottom: 10px; margin-left: 0px;\"><li style=\"box-sizing: inherit;\">Athleisure T-shirt can be paired with tracks, khakis or jeans</li><li style=\"box-sizing: inherit;\">Style: Round Neck</li><li style=\"box-sizing: inherit;\">Sleeve: Short Sleeves</li><li style=\"box-sizing: inherit;\">Colour: Yellow</li><li style=\"box-sizing: inherit;\">Print: Typography</li><li style=\"box-sizing: inherit;\">Fit: Regular</li></ul><p></p></div><div class=\"pdp-sizeFitDesc\" style=\"box-sizing: inherit; border: none; margin-top: 12px; color: rgb(0, 0, 0); font-family: Assistant, -apple-system, BlinkMacSystemFont, &quot;Segoe UI&quot;, Roboto, Helvetica, Arial, sans-serif; font-size: medium;\"><h4 class=\"pdp-sizeFitDescTitle pdp-product-description-title\" style=\"box-sizing: inherit; color: rgb(40, 44, 63); font-size: 16px; margin-right: 0px; margin-bottom: 0px; margin-left: 0px; font-weight: 700; text-transform: capitalize; border: none; padding-bottom: 5px;\">Size &amp; Fit</h4><p class=\"pdp-sizeFitDescContent pdp-product-description-content\" style=\"box-sizing: inherit; color: rgb(40, 44, 63); line-height: 1.4; font-size: 16px; margin-right: 0px; margin-bottom: 0px; margin-left: 0px; width: 461.734px;\">The model height 6\' is wearing a size M</p></div><div class=\"pdp-sizeFitDesc\" style=\"box-sizing: inherit; border: none; margin-top: 12px; color: rgb(0, 0, 0); font-family: Assistant, -apple-system, BlinkMacSystemFont, &quot;Segoe UI&quot;, Roboto, Helvetica, Arial, sans-serif; font-size: medium;\"><h4 class=\"pdp-sizeFitDescTitle pdp-product-description-title\" style=\"box-sizing: inherit; color: rgb(40, 44, 63); font-size: 16px; margin-right: 0px; margin-bottom: 0px; margin-left: 0px; font-weight: 700; text-transform: capitalize; border: none; padding-bottom: 5px;\">Material &amp; Care</h4><p class=\"pdp-sizeFitDescContent pdp-product-description-content\" style=\"box-sizing: inherit; color: rgb(40, 44, 63); line-height: 1.4; font-size: 16px; margin-right: 0px; margin-bottom: 0px; margin-left: 0px; width: 461.734px;\">100% cotton<br style=\"box-sizing: inherit;\">Machine-wash</p></div>', NULL, NULL, '33', 314.00, 699.00, 82, 6, 18, 'Yes', 'tshirt_02', 'tshirt_000002', 'Yes', 99, 1, '2023-11-24 00:11:49', '2023-11-24 23:04:33'),
(15, 'anayna', 'anayna', '<div style=\"box-sizing: inherit; color: rgb(0, 0, 0); font-family: Assistant, -apple-system, BlinkMacSystemFont, &quot;Segoe UI&quot;, Roboto, Helvetica, Arial, sans-serif; font-size: medium;\"><p class=\"pdp-product-description-content\" style=\"box-sizing: inherit; color: rgb(40, 44, 63); line-height: 1.4; font-size: 16px; margin-top: 12px; width: 430.953px;\"></p><ul style=\"box-sizing: inherit; list-style: none; padding: 0px; margin-right: 0px; margin-bottom: 10px; margin-left: 0px;\"><li style=\"box-sizing: inherit;\">Green and pink ethnic motifs print a-line dress</li><li style=\"box-sizing: inherit;\">Mandarin collar</li><li style=\"box-sizing: inherit;\">Short, puff sleeve</li><li style=\"box-sizing: inherit;\">Waist tie-up detail</li><li style=\"box-sizing: inherit;\">Tiered</li><li style=\"box-sizing: inherit;\">Gathered or pleated detail</li><li style=\"box-sizing: inherit;\">Midi length in flounce hem</li><li style=\"box-sizing: inherit;\">Cotton fabric</li></ul><p></p></div><div class=\"pdp-sizeFitDesc\" style=\"box-sizing: inherit; border: none; margin-top: 12px; color: rgb(0, 0, 0); font-family: Assistant, -apple-system, BlinkMacSystemFont, &quot;Segoe UI&quot;, Roboto, Helvetica, Arial, sans-serif; font-size: medium;\"><h4 class=\"pdp-sizeFitDescTitle pdp-product-description-title\" style=\"box-sizing: inherit; color: rgb(40, 44, 63); font-size: 16px; margin-right: 0px; margin-bottom: 0px; margin-left: 0px; font-weight: 700; text-transform: capitalize; border: none; padding-bottom: 5px;\">Size &amp; Fit</h4><p class=\"pdp-sizeFitDescContent pdp-product-description-content\" style=\"box-sizing: inherit; color: rgb(40, 44, 63); line-height: 1.4; font-size: 16px; margin-right: 0px; margin-bottom: 0px; margin-left: 0px; width: 461.734px;\">The model (height 5\'8) is wearing a size S</p></div><div class=\"pdp-sizeFitDesc\" style=\"box-sizing: inherit; border: none; margin-top: 12px; color: rgb(0, 0, 0); font-family: Assistant, -apple-system, BlinkMacSystemFont, &quot;Segoe UI&quot;, Roboto, Helvetica, Arial, sans-serif; font-size: medium;\"><h4 class=\"pdp-sizeFitDescTitle pdp-product-description-title\" style=\"box-sizing: inherit; color: rgb(40, 44, 63); font-size: 16px; margin-right: 0px; margin-bottom: 0px; margin-left: 0px; font-weight: 700; text-transform: capitalize; border: none; padding-bottom: 5px;\">Material &amp; Care</h4><p class=\"pdp-sizeFitDescContent pdp-product-description-content\" style=\"box-sizing: inherit; color: rgb(40, 44, 63); line-height: 1.4; font-size: 16px; margin-right: 0px; margin-bottom: 0px; margin-left: 0px; width: 461.734px;\">100% Cotton&nbsp;<br style=\"box-sizing: inherit;\">Machine wash</p></div>', '<p>Short Description</p>', '<p>Shipping</p>', '17,19', 971.00, 2698.00, 83, 10, 22, 'Yes', 'western_wear1', 'western_wear_000001', 'Yes', 0, 1, '2023-11-24 00:18:53', '2023-11-30 05:09:40'),
(16, 'Boys Printed Jersey Top', 'boys-printed-jersey-top', '<div style=\"box-sizing: inherit; color: rgb(0, 0, 0); font-family: Assistant, -apple-system, BlinkMacSystemFont, &quot;Segoe UI&quot;, Roboto, Helvetica, Arial, sans-serif; font-size: medium;\"><p class=\"pdp-product-description-content\" style=\"box-sizing: inherit; color: rgb(40, 44, 63); line-height: 1.4; font-size: 16px; margin-top: 12px; width: 430.953px;\"></p><p style=\"box-sizing: inherit; margin-right: 0px; margin-bottom: 0px; margin-left: 0px;\">Top in soft cotton jersey with a print motif on the front. Round, rib-trimmed neckline and long sleeves.</p><p></p></div><div class=\"pdp-sizeFitDesc\" style=\"box-sizing: inherit; border: none; margin-top: 12px; color: rgb(0, 0, 0); font-family: Assistant, -apple-system, BlinkMacSystemFont, &quot;Segoe UI&quot;, Roboto, Helvetica, Arial, sans-serif; font-size: medium;\"><h4 class=\"pdp-sizeFitDescTitle pdp-product-description-title\" style=\"box-sizing: inherit; color: rgb(40, 44, 63); font-size: 16px; margin-right: 0px; margin-bottom: 0px; margin-left: 0px; font-weight: 700; text-transform: capitalize; border: none; padding-bottom: 5px;\">Material &amp; Care</h4><p class=\"pdp-sizeFitDescContent pdp-product-description-content\" style=\"box-sizing: inherit; color: rgb(40, 44, 63); line-height: 1.4; font-size: 16px; margin-right: 0px; margin-bottom: 0px; margin-left: 0px; width: 461.734px;\">100% Cotton<br style=\"box-sizing: inherit;\">Machine Wash</p></div><div class=\"index-sizeFitDesc\" style=\"box-sizing: inherit; border: none; margin-top: 12px; color: rgb(0, 0, 0); font-family: Assistant, -apple-system, BlinkMacSystemFont, &quot;Segoe UI&quot;, Roboto, Helvetica, Arial, sans-serif; font-size: medium;\"><h4 class=\"index-sizeFitDescTitle index-product-description-title\" style=\"box-sizing: inherit; color: rgb(40, 44, 63); font-size: 16px; margin-right: 0px; margin-bottom: 0px; margin-left: 0px; font-weight: 700; padding-bottom: 12px; border: none; text-transform: capitalize;\">Specifications</h4></div>', NULL, NULL, NULL, 279.00, 399.00, 84, 14, 22, 'Yes', 'boys', 'boys_000001', 'Yes', 5, 1, '2023-11-24 00:22:13', '2023-11-24 00:22:13'),
(32, 'Elenora Hegmann', 'elenora-hegmann', NULL, NULL, NULL, '', 613.00, NULL, 82, 7, 22, 'No', '33650', NULL, 'Yes', 10, 1, '2023-11-24 00:31:18', '2023-11-24 07:07:31'),
(33, 'Kaci Dooley', 'kaci-dooley', NULL, NULL, NULL, '', 665.00, NULL, 82, 6, 17, 'No', '80770', NULL, 'Yes', 10, 1, '2023-11-24 00:31:18', '2023-11-30 05:22:28'),
(41, 'Terrence Howell', 'terrence-howell', '<p>Coming soon...</p>', '<p>Short Description</p>', '<p>Shipping Corrected2</p>', '14,15,16', 160.00, 100.00, 82, 6, 20, 'No', '54820', NULL, 'Yes', 10, 1, '2023-11-24 00:31:18', '2023-11-24 07:06:59');

-- --------------------------------------------------------

--
-- Table structure for table `product_images`
--

CREATE TABLE `product_images` (
  `id` bigint(20) UNSIGNED NOT NULL,
  `product_id` bigint(20) UNSIGNED NOT NULL,
  `image` varchar(255) COLLATE utf8mb4_unicode_ci NOT NULL,
  `sort_order` int(11) DEFAULT NULL,
  `created_at` timestamp NULL DEFAULT NULL,
  `updated_at` timestamp NULL DEFAULT NULL
) ENGINE=InnoDB DEFAULT CHARSET=utf8mb4 COLLATE=utf8mb4_unicode_ci;

--
-- Dumping data for table `product_images`
--

INSERT INTO `product_images` (`id`, `product_id`, `image`, `sort_order`, `created_at`, `updated_at`) VALUES
(19, 13, '13-19-1700804281.jpg', NULL, '2023-11-24 00:08:01', '2023-11-24 00:08:01'),
(20, 13, '13-20-1700804281.jpg', NULL, '2023-11-24 00:08:01', '2023-11-24 00:08:01'),
(21, 14, '14-21-1700804509.jpg', NULL, '2023-11-24 00:11:49', '2023-11-24 00:11:49'),
(22, 14, '14-22-1700804510.jpg', NULL, '2023-11-24 00:11:50', '2023-11-24 00:11:50'),
(25, 15, '15-25-1700804960.jpg', NULL, '2023-11-24 00:19:20', '2023-11-24 00:19:20'),
(26, 16, '16-26-1700805133.jpg', NULL, '2023-11-24 00:22:13', '2023-11-24 00:22:13'),
(27, 41, '41-27-1700807520.jpg', NULL, '2023-11-24 01:02:00', '2023-11-24 01:02:00'),
(28, 41, '41-28-1700807520.jpg', NULL, '2023-11-24 01:02:00', '2023-11-24 01:02:00'),
(29, 41, '41-29-1700807521.jpg', NULL, '2023-11-24 01:02:01', '2023-11-24 01:02:01'),
(30, 41, '41-30-1700807521.jpg', NULL, '2023-11-24 01:02:01', '2023-11-24 01:02:01');

-- --------------------------------------------------------

--
-- Table structure for table `product_ratings`
--

CREATE TABLE `product_ratings` (
  `id` bigint(20) UNSIGNED NOT NULL,
  `product_id` bigint(20) UNSIGNED NOT NULL,
  `username` varchar(255) COLLATE utf8mb4_unicode_ci NOT NULL,
  `email` varchar(255) COLLATE utf8mb4_unicode_ci NOT NULL,
  `comment` varchar(255) COLLATE utf8mb4_unicode_ci NOT NULL,
  `rating` double(3,2) NOT NULL,
  `status` int(11) NOT NULL DEFAULT 0,
  `created_at` timestamp NULL DEFAULT NULL,
  `updated_at` timestamp NULL DEFAULT NULL
) ENGINE=InnoDB DEFAULT CHARSET=utf8mb4 COLLATE=utf8mb4_unicode_ci;

--
-- Dumping data for table `product_ratings`
--

INSERT INTO `product_ratings` (`id`, `product_id`, `username`, `email`, `comment`, `rating`, `status`, `created_at`, `updated_at`) VALUES
(1, 15, 'Sona Bhavsar', 'sonabhavsar@gmail.com', 'Good Product', 5.00, 1, NULL, '2023-12-03 01:01:41'),
(2, 15, 'Dhruv Bhavsar', 'dhruv@gmail.com', 'Worst product.', 4.00, 1, NULL, '2023-12-02 07:57:28');

-- --------------------------------------------------------

--
-- Table structure for table `shipping_charges`
--

CREATE TABLE `shipping_charges` (
  `id` bigint(20) UNSIGNED NOT NULL,
  `country_id` varchar(255) COLLATE utf8mb4_unicode_ci NOT NULL,
  `amount` double(10,2) NOT NULL,
  `created_at` timestamp NULL DEFAULT NULL,
  `updated_at` timestamp NULL DEFAULT NULL
) ENGINE=InnoDB DEFAULT CHARSET=utf8mb4 COLLATE=utf8mb4_unicode_ci;

--
-- Dumping data for table `shipping_charges`
--

INSERT INTO `shipping_charges` (`id`, `country_id`, `amount`, `created_at`, `updated_at`) VALUES
(13, '100', 10.00, '2023-11-28 00:49:44', '2023-11-28 02:49:48'),
(14, '1', 1000.00, '2023-11-28 00:50:12', '2023-11-28 00:50:12'),
(16, '2', 50.00, '2023-11-28 02:47:32', '2023-11-28 02:47:32'),
(17, 'rest_of_world', 100.00, '2023-11-28 03:11:04', '2023-11-28 03:11:04');

-- --------------------------------------------------------

--
-- Table structure for table `sub_categories`
--

CREATE TABLE `sub_categories` (
  `id` bigint(20) UNSIGNED NOT NULL,
  `name` varchar(255) COLLATE utf8mb4_unicode_ci NOT NULL,
  `slug` varchar(255) COLLATE utf8mb4_unicode_ci NOT NULL,
  `status` int(11) NOT NULL,
  `showHome` enum('Yes','No') COLLATE utf8mb4_unicode_ci NOT NULL DEFAULT 'No',
  `category_id` bigint(20) UNSIGNED NOT NULL,
  `created_at` timestamp NULL DEFAULT NULL,
  `updated_at` timestamp NULL DEFAULT NULL
) ENGINE=InnoDB DEFAULT CHARSET=utf8mb4 COLLATE=utf8mb4_unicode_ci;

--
-- Dumping data for table `sub_categories`
--

INSERT INTO `sub_categories` (`id`, `name`, `slug`, `status`, `showHome`, `category_id`, `created_at`, `updated_at`) VALUES
(6, 'Top Wear', 'top-wear', 1, 'Yes', 82, '2023-11-23 23:56:48', '2023-11-23 23:56:48'),
(7, 'Bottom  Wear', 'bottom-wear', 1, 'Yes', 82, '2023-11-23 23:57:22', '2023-11-23 23:57:22'),
(8, 'Footwear', 'footwear', 1, 'Yes', 82, '2023-11-23 23:57:35', '2023-11-23 23:57:35'),
(9, 'Gadgets', 'gadgets', 1, 'Yes', 82, '2023-11-23 23:57:52', '2023-11-23 23:57:52'),
(10, 'Western Wear', 'western-wear', 1, 'Yes', 83, '2023-11-23 23:58:11', '2023-11-23 23:58:11'),
(11, 'Maternity', 'maternity', 1, 'Yes', 83, '2023-11-23 23:58:33', '2023-11-23 23:58:33'),
(12, 'Jewellery', 'jewellery', 1, 'Yes', 83, '2023-11-23 23:58:54', '2023-11-23 23:58:54'),
(13, 'Sunglass & Frames', 'sunglass-frames', 1, 'Yes', 83, '2023-11-23 23:59:09', '2023-11-23 23:59:09'),
(14, 'Boys clothing', 'boys-clothing', 1, 'Yes', 84, '2023-11-23 23:59:22', '2023-11-23 23:59:22'),
(15, 'Girls clothing', 'girls-clothing', 1, 'Yes', 84, '2023-11-23 23:59:36', '2023-11-23 23:59:36'),
(16, 'Flooring', 'flooring', 1, 'Yes', 85, '2023-11-24 00:00:13', '2023-11-24 00:00:13'),
(17, 'Bath', 'bath', 1, 'Yes', 85, '2023-11-24 00:00:22', '2023-11-24 00:00:22'),
(18, 'Home Decor', 'home-decor', 1, 'Yes', 85, '2023-11-24 00:00:35', '2023-11-24 00:00:35'),
(19, 'Makeup', 'makeup', 1, 'Yes', 86, '2023-11-24 00:00:51', '2023-11-24 00:00:51');

-- --------------------------------------------------------

--
-- Table structure for table `temp_images`
--

CREATE TABLE `temp_images` (
  `id` bigint(20) UNSIGNED NOT NULL,
  `name` varchar(255) COLLATE utf8mb4_unicode_ci NOT NULL,
  `created_at` timestamp NULL DEFAULT NULL,
  `updated_at` timestamp NULL DEFAULT NULL
) ENGINE=InnoDB DEFAULT CHARSET=utf8mb4 COLLATE=utf8mb4_unicode_ci;

-- --------------------------------------------------------

--
-- Table structure for table `users`
--

CREATE TABLE `users` (
  `id` bigint(20) UNSIGNED NOT NULL,
  `name` varchar(255) COLLATE utf8mb4_unicode_ci NOT NULL,
  `email` varchar(255) COLLATE utf8mb4_unicode_ci NOT NULL,
  `phone` varchar(20) COLLATE utf8mb4_unicode_ci DEFAULT NULL,
  `role` int(11) NOT NULL DEFAULT 1,
  `status` int(11) NOT NULL DEFAULT 1,
  `email_verified_at` timestamp NULL DEFAULT NULL,
  `password` varchar(255) COLLATE utf8mb4_unicode_ci NOT NULL,
  `remember_token` varchar(100) COLLATE utf8mb4_unicode_ci DEFAULT NULL,
  `created_at` timestamp NULL DEFAULT NULL,
  `updated_at` timestamp NULL DEFAULT NULL
) ENGINE=InnoDB DEFAULT CHARSET=utf8mb4 COLLATE=utf8mb4_unicode_ci;

--
-- Dumping data for table `users`
--

INSERT INTO `users` (`id`, `name`, `email`, `phone`, `role`, `status`, `email_verified_at`, `password`, `remember_token`, `created_at`, `updated_at`) VALUES
(1, 'Admin', 'mukeshbhavsar210@gmail.com', '', 2, 1, NULL, '$2y$10$rpkpp6yhQN5poY2pbWKUEOtqSw.FB1tVTaA.Pqfj4Ilz1LNftFfxa', NULL, '2023-11-17 23:52:06', '2023-12-01 05:59:34'),
(3, 'Priyanka', 'p.bhavsar2610@gmail.com', '9538135005', 1, 1, NULL, '$2y$10$rpkpp6yhQN5poY2pbWKUEOtqSw.FB1tVTaA.Pqfj4Ilz1LNftFfxa', NULL, '2023-11-25 00:32:42', '2023-12-02 04:52:49');

-- --------------------------------------------------------

--
-- Table structure for table `wishlists`
--

CREATE TABLE `wishlists` (
  `id` bigint(20) UNSIGNED NOT NULL,
  `user_id` bigint(20) UNSIGNED NOT NULL,
  `product_id` bigint(20) UNSIGNED NOT NULL,
  `created_at` timestamp NULL DEFAULT NULL,
  `updated_at` timestamp NULL DEFAULT NULL
) ENGINE=InnoDB DEFAULT CHARSET=utf8mb4 COLLATE=utf8mb4_unicode_ci;

--
-- Dumping data for table `wishlists`
--

INSERT INTO `wishlists` (`id`, `user_id`, `product_id`, `created_at`, `updated_at`) VALUES
(26, 3, 41, '2023-11-30 04:50:26', '2023-11-30 04:50:26'),
(27, 3, 14, '2023-11-30 04:50:44', '2023-11-30 04:50:44');

--
-- Indexes for dumped tables
--

--
-- Indexes for table `brands`
--
ALTER TABLE `brands`
  ADD PRIMARY KEY (`id`);

--
-- Indexes for table `categories`
--
ALTER TABLE `categories`
  ADD PRIMARY KEY (`id`);

--
-- Indexes for table `countries`
--
ALTER TABLE `countries`
  ADD PRIMARY KEY (`id`);

--
-- Indexes for table `customer_addresses`
--
ALTER TABLE `customer_addresses`
  ADD PRIMARY KEY (`id`),
  ADD KEY `customer_addresses_user_id_foreign` (`user_id`),
  ADD KEY `customer_addresses_country_id_foreign` (`country_id`);

--
-- Indexes for table `discount_coupons`
--
ALTER TABLE `discount_coupons`
  ADD PRIMARY KEY (`id`);

--
-- Indexes for table `failed_jobs`
--
ALTER TABLE `failed_jobs`
  ADD PRIMARY KEY (`id`),
  ADD UNIQUE KEY `failed_jobs_uuid_unique` (`uuid`);

--
-- Indexes for table `migrations`
--
ALTER TABLE `migrations`
  ADD PRIMARY KEY (`id`);

--
-- Indexes for table `orders`
--
ALTER TABLE `orders`
  ADD PRIMARY KEY (`id`),
  ADD KEY `orders_user_id_foreign` (`user_id`),
  ADD KEY `orders_country_id_foreign` (`country_id`);

--
-- Indexes for table `order_items`
--
ALTER TABLE `order_items`
  ADD PRIMARY KEY (`id`),
  ADD KEY `orders_items_order_id_foreign` (`order_id`),
  ADD KEY `orders_items_product_id_foreign` (`product_id`);

--
-- Indexes for table `pages`
--
ALTER TABLE `pages`
  ADD PRIMARY KEY (`id`);

--
-- Indexes for table `password_reset_tokens`
--
ALTER TABLE `password_reset_tokens`
  ADD PRIMARY KEY (`email`);

--
-- Indexes for table `personal_access_tokens`
--
ALTER TABLE `personal_access_tokens`
  ADD PRIMARY KEY (`id`),
  ADD UNIQUE KEY `personal_access_tokens_token_unique` (`token`),
  ADD KEY `personal_access_tokens_tokenable_type_tokenable_id_index` (`tokenable_type`,`tokenable_id`);

--
-- Indexes for table `products`
--
ALTER TABLE `products`
  ADD PRIMARY KEY (`id`),
  ADD KEY `products_category_id_foreign` (`category_id`),
  ADD KEY `products_sub_category_id_foreign` (`sub_category_id`),
  ADD KEY `products_brand_id_foreign` (`brand_id`);

--
-- Indexes for table `product_images`
--
ALTER TABLE `product_images`
  ADD PRIMARY KEY (`id`),
  ADD KEY `product_images_product_id_foreign` (`product_id`);

--
-- Indexes for table `product_ratings`
--
ALTER TABLE `product_ratings`
  ADD PRIMARY KEY (`id`),
  ADD KEY `product_ratings_product_id_foreign` (`product_id`);

--
-- Indexes for table `shipping_charges`
--
ALTER TABLE `shipping_charges`
  ADD PRIMARY KEY (`id`);

--
-- Indexes for table `sub_categories`
--
ALTER TABLE `sub_categories`
  ADD PRIMARY KEY (`id`),
  ADD KEY `sub_categories_category_id_foreign` (`category_id`);

--
-- Indexes for table `temp_images`
--
ALTER TABLE `temp_images`
  ADD PRIMARY KEY (`id`);

--
-- Indexes for table `users`
--
ALTER TABLE `users`
  ADD PRIMARY KEY (`id`),
  ADD UNIQUE KEY `users_email_unique` (`email`);

--
-- Indexes for table `wishlists`
--
ALTER TABLE `wishlists`
  ADD PRIMARY KEY (`id`),
  ADD KEY `wishlists_user_id_foreign` (`user_id`),
  ADD KEY `wishlists_product_id_foreign` (`product_id`);

--
-- AUTO_INCREMENT for dumped tables
--

--
-- AUTO_INCREMENT for table `brands`
--
ALTER TABLE `brands`
  MODIFY `id` bigint(20) UNSIGNED NOT NULL AUTO_INCREMENT, AUTO_INCREMENT=23;

--
-- AUTO_INCREMENT for table `categories`
--
ALTER TABLE `categories`
  MODIFY `id` bigint(20) UNSIGNED NOT NULL AUTO_INCREMENT, AUTO_INCREMENT=148;

--
-- AUTO_INCREMENT for table `countries`
--
ALTER TABLE `countries`
  MODIFY `id` bigint(20) UNSIGNED NOT NULL AUTO_INCREMENT, AUTO_INCREMENT=243;

--
-- AUTO_INCREMENT for table `customer_addresses`
--
ALTER TABLE `customer_addresses`
  MODIFY `id` bigint(20) UNSIGNED NOT NULL AUTO_INCREMENT, AUTO_INCREMENT=4;

--
-- AUTO_INCREMENT for table `discount_coupons`
--
ALTER TABLE `discount_coupons`
  MODIFY `id` bigint(20) UNSIGNED NOT NULL AUTO_INCREMENT, AUTO_INCREMENT=8;

--
-- AUTO_INCREMENT for table `failed_jobs`
--
ALTER TABLE `failed_jobs`
  MODIFY `id` bigint(20) UNSIGNED NOT NULL AUTO_INCREMENT;

--
-- AUTO_INCREMENT for table `migrations`
--
ALTER TABLE `migrations`
  MODIFY `id` int(10) UNSIGNED NOT NULL AUTO_INCREMENT, AUTO_INCREMENT=33;

--
-- AUTO_INCREMENT for table `orders`
--
ALTER TABLE `orders`
  MODIFY `id` bigint(20) UNSIGNED NOT NULL AUTO_INCREMENT, AUTO_INCREMENT=33;

--
-- AUTO_INCREMENT for table `order_items`
--
ALTER TABLE `order_items`
  MODIFY `id` bigint(20) UNSIGNED NOT NULL AUTO_INCREMENT, AUTO_INCREMENT=46;

--
-- AUTO_INCREMENT for table `pages`
--
ALTER TABLE `pages`
  MODIFY `id` bigint(20) UNSIGNED NOT NULL AUTO_INCREMENT, AUTO_INCREMENT=4;

--
-- AUTO_INCREMENT for table `personal_access_tokens`
--
ALTER TABLE `personal_access_tokens`
  MODIFY `id` bigint(20) UNSIGNED NOT NULL AUTO_INCREMENT;

--
-- AUTO_INCREMENT for table `products`
--
ALTER TABLE `products`
  MODIFY `id` bigint(20) UNSIGNED NOT NULL AUTO_INCREMENT, AUTO_INCREMENT=48;

--
-- AUTO_INCREMENT for table `product_images`
--
ALTER TABLE `product_images`
  MODIFY `id` bigint(20) UNSIGNED NOT NULL AUTO_INCREMENT, AUTO_INCREMENT=34;

--
-- AUTO_INCREMENT for table `product_ratings`
--
ALTER TABLE `product_ratings`
  MODIFY `id` bigint(20) UNSIGNED NOT NULL AUTO_INCREMENT, AUTO_INCREMENT=3;

--
-- AUTO_INCREMENT for table `shipping_charges`
--
ALTER TABLE `shipping_charges`
  MODIFY `id` bigint(20) UNSIGNED NOT NULL AUTO_INCREMENT, AUTO_INCREMENT=18;

--
-- AUTO_INCREMENT for table `sub_categories`
--
ALTER TABLE `sub_categories`
  MODIFY `id` bigint(20) UNSIGNED NOT NULL AUTO_INCREMENT, AUTO_INCREMENT=20;

--
-- AUTO_INCREMENT for table `temp_images`
--
ALTER TABLE `temp_images`
  MODIFY `id` bigint(20) UNSIGNED NOT NULL AUTO_INCREMENT, AUTO_INCREMENT=176;

--
-- AUTO_INCREMENT for table `users`
--
ALTER TABLE `users`
  MODIFY `id` bigint(20) UNSIGNED NOT NULL AUTO_INCREMENT, AUTO_INCREMENT=7;

--
-- AUTO_INCREMENT for table `wishlists`
--
ALTER TABLE `wishlists`
  MODIFY `id` bigint(20) UNSIGNED NOT NULL AUTO_INCREMENT, AUTO_INCREMENT=28;

--
-- Constraints for dumped tables
--

--
-- Constraints for table `customer_addresses`
--
ALTER TABLE `customer_addresses`
  ADD CONSTRAINT `customer_addresses_country_id_foreign` FOREIGN KEY (`country_id`) REFERENCES `countries` (`id`) ON DELETE CASCADE,
  ADD CONSTRAINT `customer_addresses_user_id_foreign` FOREIGN KEY (`user_id`) REFERENCES `users` (`id`) ON DELETE CASCADE;

--
-- Constraints for table `orders`
--
ALTER TABLE `orders`
  ADD CONSTRAINT `orders_country_id_foreign` FOREIGN KEY (`country_id`) REFERENCES `countries` (`id`) ON DELETE CASCADE,
  ADD CONSTRAINT `orders_user_id_foreign` FOREIGN KEY (`user_id`) REFERENCES `users` (`id`) ON DELETE CASCADE;

--
-- Constraints for table `order_items`
--
ALTER TABLE `order_items`
  ADD CONSTRAINT `orders_items_order_id_foreign` FOREIGN KEY (`order_id`) REFERENCES `orders` (`id`) ON DELETE CASCADE,
  ADD CONSTRAINT `orders_items_product_id_foreign` FOREIGN KEY (`product_id`) REFERENCES `products` (`id`) ON DELETE CASCADE;

--
-- Constraints for table `products`
--
ALTER TABLE `products`
  ADD CONSTRAINT `products_brand_id_foreign` FOREIGN KEY (`brand_id`) REFERENCES `brands` (`id`) ON DELETE CASCADE,
  ADD CONSTRAINT `products_category_id_foreign` FOREIGN KEY (`category_id`) REFERENCES `categories` (`id`) ON DELETE CASCADE,
  ADD CONSTRAINT `products_sub_category_id_foreign` FOREIGN KEY (`sub_category_id`) REFERENCES `sub_categories` (`id`) ON DELETE CASCADE;

--
-- Constraints for table `product_images`
--
ALTER TABLE `product_images`
  ADD CONSTRAINT `product_images_product_id_foreign` FOREIGN KEY (`product_id`) REFERENCES `products` (`id`) ON DELETE CASCADE;

--
-- Constraints for table `product_ratings`
--
ALTER TABLE `product_ratings`
  ADD CONSTRAINT `product_ratings_product_id_foreign` FOREIGN KEY (`product_id`) REFERENCES `products` (`id`) ON DELETE CASCADE;

--
-- Constraints for table `sub_categories`
--
ALTER TABLE `sub_categories`
  ADD CONSTRAINT `sub_categories_category_id_foreign` FOREIGN KEY (`category_id`) REFERENCES `categories` (`id`) ON DELETE CASCADE;

--
-- Constraints for table `wishlists`
--
ALTER TABLE `wishlists`
  ADD CONSTRAINT `wishlists_product_id_foreign` FOREIGN KEY (`product_id`) REFERENCES `products` (`id`) ON DELETE CASCADE,
  ADD CONSTRAINT `wishlists_user_id_foreign` FOREIGN KEY (`user_id`) REFERENCES `users` (`id`) ON DELETE CASCADE;
COMMIT;

/*!40101 SET CHARACTER_SET_CLIENT=@OLD_CHARACTER_SET_CLIENT */;
/*!40101 SET CHARACTER_SET_RESULTS=@OLD_CHARACTER_SET_RESULTS */;
/*!40101 SET COLLATION_CONNECTION=@OLD_COLLATION_CONNECTION */;
